Workbook
Name Slicer_Airport: #N/A
Name Slicer_Hedging_Signal: #N/A

Sheet Logistics_Master
A1: Airport_Code | B1: Airport_Name | C1: Primary_Supply_Node | D1: Transport_Mode | E1: Avg_Uplift_MT_per_Flight | F1: Min_Safety_Stock_Days | G1: Max_Tank_Capacity_MT | H1: Lead_Time_Days | I1: Freight_Cost_per_MT | J1: Truck_Capacity_MT
A2: FRA | B2: Frankfurt | C2: CEPS Pipeline (Rotterdam/ARA) | D2: Pipeline | E2: 24 | F2: 4 | G2: 140000 | H2: 1 | I2: $14.50 | J2: N/A
A3: DUB | B3: Dublin | C3: Dublin Port Sea Terminal | D3: Sea Vessel | E3: 16 | F3: 5 | G3: 45000 | H3: 5 | I3: $18.50 | J3: N/A
A4: GVA | B4: Geneva | C4: Vernier Rail/Road Hub (Rhone) | D4: Rail | E4: 12.5 | F4: 6 | G4: 28000 | H4: 3 | I4: $28.00 | J4: 1200

Sheet Raw_Market_Data
A1: Date | B1: Brent_USD_bbl | C1: JetFuel_USD_bbl | D1: Crack_Spread_bbl | E1: JetFuel_USD_MT | F1: Hedging_Signal
A2: 45566 | B2: 74.6 | C2: 88.2 | D2: 13.6 | E2: 696.78 | F2: =IF(D2 <= 13.5, "EXECUTE FORWARD HEDGE", "HOLD STRATEGY") -> HOLD STRATEGY
A3: 45567 | B3: 75.1 | C3: 89.3 | D3: 14.2 | E3: 705.47 | F3: =IF(D3 <= 13.5, "EXECUTE FORWARD HEDGE", "HOLD STRATEGY") -> HOLD STRATEGY
A4: 45568 | B4: 77.6 | C4: 92.4 | D4: 14.8 | E4: 729.96 | F4: =IF(D4 <= 13.5, "EXECUTE FORWARD HEDGE", "HOLD STRATEGY") -> HOLD STRATEGY
A5: 45569 | B5: 78.05 | C5: 93.5 | D5: 15.45 | E5: 738.65 | F5: =IF(D5 <= 13.5, "EXECUTE FORWARD HEDGE", "HOLD STRATEGY") -> HOLD STRATEGY
A6: 45570 | B6: 78.05 | C6: 93.5 | D6: 15.45 | E6: 738.65 | F6: =IF(D6 <= 13.5, "EXECUTE FORWARD HEDGE", "HOLD STRATEGY") -> HOLD STRATEGY
A7: 45571 | B7: 78.05 | C7: 93.5 | D7: 15.45 | E7: 738.65 | F7: =IF(D7 <= 13.5, "EXECUTE FORWARD HEDGE", "HOLD STRATEGY") -> HOLD STRATEGY
A8: 45572 | B8: 80.9 | C8: 97.1 | D8: 16.2 | E8: 767.09 | F8: =IF(D8 <= 13.5, "EXECUTE FORWARD HEDGE", "HOLD STRATEGY") -> HOLD STRATEGY
A9: 45573 | B9: 77.2 | C9: 93 | D9: 15.8 | E9: 734.7 | F9: =IF(D9 <= 13.5, "EXECUTE FORWARD HEDGE", "HOLD STRATEGY") -> HOLD STRATEGY
A10: 45574 | B10: 76.6 | C10: 91.8 | D10: 15.2 | E10: 725.22 | F10: =IF(D10 <= 13.5, "EXECUTE FORWARD HEDGE", "HOLD STRATEGY") -> HOLD STRATEGY
A11: 45575 | B11: 79.4 | C11: 95.2 | D11: 15.8 | E11: 752.08 | F11: =IF(D11 <= 13.5, "EXECUTE FORWARD HEDGE", "HOLD STRATEGY") -> HOLD STRATEGY
A12: 45576 | B12: 79.04 | C12: 94.6 | D12: 15.56 | E12: 747.34 | F12: =IF(D12 <= 13.5, "EXECUTE FORWARD HEDGE", "HOLD STRATEGY") -> HOLD STRATEGY
A13: 45577 | B13: 79.04 | C13: 94.6 | D13: 15.56 | E13: 747.34 | F13: =IF(D13 <= 13.5, "EXECUTE FORWARD HEDGE", "HOLD STRATEGY") -> HOLD STRATEGY
... A31: 45595 | B31: 72.16 | C31: 84.4 | D31: 12.24 | E31: 666.76 | F31: =IF(D31 <= 13.5, "EXECUTE FORWARD HEDGE", "HOLD STRATEGY") -> EXECUTE FORWARD HEDGE

Sheet Raw_Flight_Data
A1: Date | B1: Airport_Code | C1: Departing_Flights
A2: 45566 | B2: FRA | C2: 615
A3: 45566 | B3: DUB | C3: 285
A4: 45566 | B4: GVA | C4: 198
A5: 45567 | B5: FRA | C5: 620
A6: 45567 | B6: DUB | C6: 290
A7: 45567 | B7: GVA | C7: 202
A8: 45568 | B8: FRA | C8: 632
A9: 45568 | B9: DUB | C9: 298
A10: 45568 | B10: GVA | C10: 210
A11: 45569 | B11: FRA | C11: 648
A12: 45569 | B12: DUB | C12: 312
A13: 45569 | B13: GVA | C13: 224
... A91: 45595 | B91: GVA | C91: 206

Sheet Inventory_Engine
A1: Date | B1: Airport | C1: Flights | D1: Daily Demand MT | E1: Safety Stock MT | F1: Starting Inventory | G1: EOD Projected | H1: Nomination Order MT | I1: Ending Inventory | J1: Dispatch Action
A2: =Raw_Flight_Data!A2 -> 45566 | B2: =Raw_Flight_Data!B2 -> FRA | C2: =Raw_Flight_Data!C2 -> 615 | D2: =C2 * VLOOKUP(B2, Logistics_Master!$A$2:$J$4, 5, FALSE) -> 14760 | E2: =D2 * VLOOKUP(B2, Logistics_Master!$A$2:$J$4, 6, FALSE) -> 59040 | F2: =IF(A2=MIN(Raw_Flight_Data!$A$2:$A$100), VLOOKUP(B2, Logistics_Master!$A$2:$J$4, 7, FALSE) * 0.8, SUMIFS($I$1:I1, $B$1:B1, B2, $A$1:A1, A2-1)) -> 112000 | G2: =F2 - D2 -> 97240 | H2: =IF(G2 <= E2, VLOOKUP(B2, Logistics_Master!$A$2:$J$4, 7, FALSE) - G2, 0) -> 0 | I2: =G2 + H2 -> 97240 | J2: =IF(H2=0, "", IF(VLOOKUP(B2, Logistics_Master!$A$2:$J$4, 4, FALSE)="Truck", ROUNDUP(H2/30, 0) & " Trucks", IF(VLOOKUP(B2, Logistics_Master!$A$2:$J$4, 4, FALSE)="Sea Vessel", "Sea Vessel (MR Tanker)", IF(VLOOKUP(B2, Logistics_Master!$A$2:$J$4, 4, FALSE)="Rail", ROUNDUP(H2/1200, 0) & " Block Trains", "Pipeline Batch"))))
A3: =Raw_Flight_Data!A3 -> 45566 | B3: =Raw_Flight_Data!B3 -> DUB | C3: =Raw_Flight_Data!C3 -> 285 | D3: =C3 * VLOOKUP(B3, Logistics_Master!$A$2:$J$4, 5, FALSE) -> 4560 | E3: =D3 * VLOOKUP(B3, Logistics_Master!$A$2:$J$4, 6, FALSE) -> 22800 | F3: =IF(A3=MIN(Raw_Flight_Data!$A$2:$A$100), VLOOKUP(B3, Logistics_Master!$A$2:$J$4, 7, FALSE) * 0.8, SUMIFS($I$1:I2, $B$1:B2, B3, $A$1:A2, A3-1)) -> 36000 | G3: =F3 - D3 -> 31440 | H3: =IF(G3 <= E3, VLOOKUP(B3, Logistics_Master!$A$2:$J$4, 7, FALSE) - G3, 0) -> 0 | I3: =G3 + H3 -> 31440 | J3: =IF(H3=0, "", IF(VLOOKUP(B3, Logistics_Master!$A$2:$J$4, 4, FALSE)="Truck", ROUNDUP(H3/30, 0) & " Trucks", IF(VLOOKUP(B3, Logistics_Master!$A$2:$J$4, 4, FALSE)="Sea Vessel", "Sea Vessel (MR Tanker)", IF(VLOOKUP(B3, Logistics_Master!$A$2:$J$4, 4, FALSE)="Rail", ROUNDUP(H3/1200, 0) & " Block Trains", "Pipeline Batch"))))
A4: =Raw_Flight_Data!A4 -> 45566 | B4: =Raw_Flight_Data!B4 -> GVA | C4: =Raw_Flight_Data!C4 -> 198 | D4: =C4 * VLOOKUP(B4, Logistics_Master!$A$2:$J$4, 5, FALSE) -> 2475 | E4: =D4 * VLOOKUP(B4, Logistics_Master!$A$2:$J$4, 6, FALSE) -> 14850 | F4: =IF(A4=MIN(Raw_Flight_Data!$A$2:$A$100), VLOOKUP(B4, Logistics_Master!$A$2:$J$4, 7, FALSE) * 0.8, SUMIFS($I$1:I3, $B$1:B3, B4, $A$1:A3, A4-1)) -> 22400 | G4: =F4 - D4 -> 19925 | H4: =IF(G4 <= E4, VLOOKUP(B4, Logistics_Master!$A$2:$J$4, 7, FALSE) - G4, 0) -> 0 | I4: =G4 + H4 -> 19925 | J4: =IF(H4=0, "", IF(VLOOKUP(B4, Logistics_Master!$A$2:$J$4, 4, FALSE)="Truck", ROUNDUP(H4/30, 0) & " Trucks", IF(VLOOKUP(B4, Logistics_Master!$A$2:$J$4, 4, FALSE)="Sea Vessel", "Sea Vessel (MR Tanker)", IF(VLOOKUP(B4, Logistics_Master!$A$2:$J$4, 4, FALSE)="Rail", ROUNDUP(H4/1200, 0) & " Block Trains", "Pipeline Batch"))))
A5: =Raw_Flight_Data!A5 -> 45567 | B5: =Raw_Flight_Data!B5 -> FRA | C5: =Raw_Flight_Data!C5 -> 620 | D5: =C5 * VLOOKUP(B5, Logistics_Master!$A$2:$J$4, 5, FALSE) -> 14880 | E5: =D5 * VLOOKUP(B5, Logistics_Master!$A$2:$J$4, 6, FALSE) -> 59520 | F5: =IF(A5=MIN(Raw_Flight_Data!$A$2:$A$100), VLOOKUP(B5, Logistics_Master!$A$2:$J$4, 7, FALSE) * 0.8, SUMIFS($I$1:I4, $B$1:B4, B5, $A$1:A4, A5-1)) -> 97240 | G5: =F5 - D5 -> 82360 | H5: =IF(G5 <= E5, VLOOKUP(B5, Logistics_Master!$A$2:$J$4, 7, FALSE) - G5, 0) -> 0 | I5: =G5 + H5 -> 82360 | J5: =IF(H5=0, "", IF(VLOOKUP(B5, Logistics_Master!$A$2:$J$4, 4, FALSE)="Truck", ROUNDUP(H5/30, 0) & " Trucks", IF(VLOOKUP(B5, Logistics_Master!$A$2:$J$4, 4, FALSE)="Sea Vessel", "Sea Vessel (MR Tanker)", IF(VLOOKUP(B5, Logistics_Master!$A$2:$J$4, 4, FALSE)="Rail", ROUNDUP(H5/1200, 0) & " Block Trains", "Pipeline Batch"))))
A6: =Raw_Flight_Data!A6 -> 45567 | B6: =Raw_Flight_Data!B6 -> DUB | C6: =Raw_Flight_Data!C6 -> 290 | D6: =C6 * VLOOKUP(B6, Logistics_Master!$A$2:$J$4, 5, FALSE) -> 4640 | E6: =D6 * VLOOKUP(B6, Logistics_Master!$A$2:$J$4, 6, FALSE) -> 23200 | F6: =IF(A6=MIN(Raw_Flight_Data!$A$2:$A$100), VLOOKUP(B6, Logistics_Master!$A$2:$J$4, 7, FALSE) * 0.8, SUMIFS($I$1:I5, $B$1:B5, B6, $A$1:A5, A6-1)) -> 31440 | G6: =F6 - D6 -> 26800 | H6: =IF(G6 <= E6, VLOOKUP(B6, Logistics_Master!$A$2:$J$4, 7, FALSE) - G6, 0) -> 0 | I6: =G6 + H6 -> 26800 | J6: =IF(H6=0, "", IF(VLOOKUP(B6, Logistics_Master!$A$2:$J$4, 4, FALSE)="Truck", ROUNDUP(H6/30, 0) & " Trucks", IF(VLOOKUP(B6, Logistics_Master!$A$2:$J$4, 4, FALSE)="Sea Vessel", "Sea Vessel (MR Tanker)", IF(VLOOKUP(B6, Logistics_Master!$A$2:$J$4, 4, FALSE)="Rail", ROUNDUP(H6/1200, 0) & " Block Trains", "Pipeline Batch"))))
A7: =Raw_Flight_Data!A7 -> 45567 | B7: =Raw_Flight_Data!B7 -> GVA | C7: =Raw_Flight_Data!C7 -> 202 | D7: =C7 * VLOOKUP(B7, Logistics_Master!$A$2:$J$4, 5, FALSE) -> 2525 | E7: =D7 * VLOOKUP(B7, Logistics_Master!$A$2:$J$4, 6, FALSE) -> 15150 | F7: =IF(A7=MIN(Raw_Flight_Data!$A$2:$A$100), VLOOKUP(B7, Logistics_Master!$A$2:$J$4, 7, FALSE) * 0.8, SUMIFS($I$1:I6, $B$1:B6, B7, $A$1:A6, A7-1)) -> 19925 | G7: =F7 - D7 -> 17400 | H7: =IF(G7 <= E7, VLOOKUP(B7, Logistics_Master!$A$2:$J$4, 7, FALSE) - G7, 0) -> 0 | I7: =G7 + H7 -> 17400 | J7: =IF(H7=0, "", IF(VLOOKUP(B7, Logistics_Master!$A$2:$J$4, 4, FALSE)="Truck", ROUNDUP(H7/30, 0) & " Trucks", IF(VLOOKUP(B7, Logistics_Master!$A$2:$J$4, 4, FALSE)="Sea Vessel", "Sea Vessel (MR Tanker)", IF(VLOOKUP(B7, Logistics_Master!$A$2:$J$4, 4, FALSE)="Rail", ROUNDUP(H7/1200, 0) & " Block Trains", "Pipeline Batch"))))
A8: =Raw_Flight_Data!A8 -> 45568 | B8: =Raw_Flight_Data!B8 -> FRA | C8: =Raw_Flight_Data!C8 -> 632 | D8: =C8 * VLOOKUP(B8, Logistics_Master!$A$2:$J$4, 5, FALSE) -> 15168 | E8: =D8 * VLOOKUP(B8, Logistics_Master!$A$2:$J$4, 6, FALSE) -> 60672 | F8: =IF(A8=MIN(Raw_Flight_Data!$A$2:$A$100), VLOOKUP(B8, Logistics_Master!$A$2:$J$4, 7, FALSE) * 0.8, SUMIFS($I$1:I7, $B$1:B7, B8, $A$1:A7, A8-1)) -> 82360 | G8: =F8 - D8 -> 67192 | H8: =IF(G8 <= E8, VLOOKUP(B8, Logistics_Master!$A$2:$J$4, 7, FALSE) - G8, 0) -> 0 | I8: =G8 + H8 -> 67192 | J8: =IF(H8=0, "", IF(VLOOKUP(B8, Logistics_Master!$A$2:$J$4, 4, FALSE)="Truck", ROUNDUP(H8/30, 0) & " Trucks", IF(VLOOKUP(B8, Logistics_Master!$A$2:$J$4, 4, FALSE)="Sea Vessel", "Sea Vessel (MR Tanker)", IF(VLOOKUP(B8, Logistics_Master!$A$2:$J$4, 4, FALSE)="Rail", ROUNDUP(H8/1200, 0) & " Block Trains", "Pipeline Batch"))))
A9: =Raw_Flight_Data!A9 -> 45568 | B9: =Raw_Flight_Data!B9 -> DUB | C9: =Raw_Flight_Data!C9 -> 298 | D9: =C9 * VLOOKUP(B9, Logistics_Master!$A$2:$J$4, 5, FALSE) -> 4768 | E9: =D9 * VLOOKUP(B9, Logistics_Master!$A$2:$J$4, 6, FALSE) -> 23840 | F9: =IF(A9=MIN(Raw_Flight_Data!$A$2:$A$100), VLOOKUP(B9, Logistics_Master!$A$2:$J$4, 7, FALSE) * 0.8, SUMIFS($I$1:I8, $B$1:B8, B9, $A$1:A8, A9-1)) -> 26800 | G9: =F9 - D9 -> 22032 | H9: =IF(G9 <= E9, VLOOKUP(B9, Logistics_Master!$A$2:$J$4, 7, FALSE) - G9, 0) -> 22968 | I9: =G9 + H9 -> 45000 | J9: =IF(H9=0, "", IF(VLOOKUP(B9, Logistics_Master!$A$2:$J$4, 4, FALSE)="Truck", ROUNDUP(H9/30, 0) & " Trucks", IF(VLOOKUP(B9, Logistics_Master!$A$2:$J$4, 4, FALSE)="Sea Vessel", "Sea Vessel (MR Tanker)", IF(VLOOKUP(B9, Logistics_Master!$A$2:$J$4, 4, FALSE)="Rail", ROUNDUP(H9/1200, 0) & " Block Trains", "Pipeline Batch")))) -> Sea Vessel (MR Tanker)
A10: =Raw_Flight_Data!A10 -> 45568 | B10: =Raw_Flight_Data!B10 -> GVA | C10: =Raw_Flight_Data!C10 -> 210 | D10: =C10 * VLOOKUP(B10, Logistics_Master!$A$2:$J$4, 5, FALSE) -> 2625 | E10: =D10 * VLOOKUP(B10, Logistics_Master!$A$2:$J$4, 6, FALSE) -> 15750 | F10: =IF(A10=MIN(Raw_Flight_Data!$A$2:$A$100), VLOOKUP(B10, Logistics_Master!$A$2:$J$4, 7, FALSE) * 0.8, SUMIFS($I$1:I9, $B$1:B9, B10, $A$1:A9, A10-1)) -> 17400 | G10: =F10 - D10 -> 14775 | H10: =IF(G10 <= E10, VLOOKUP(B10, Logistics_Master!$A$2:$J$4, 7, FALSE) - G10, 0) -> 13225 | I10: =G10 + H10 -> 28000 | J10: =IF(H10=0, "", IF(VLOOKUP(B10, Logistics_Master!$A$2:$J$4, 4, FALSE)="Truck", ROUNDUP(H10/30, 0) & " Trucks", IF(VLOOKUP(B10, Logistics_Master!$A$2:$J$4, 4, FALSE)="Sea Vessel", "Sea Vessel (MR Tanker)", IF(VLOOKUP(B10, Logistics_Master!$A$2:$J$4, 4, FALSE)="Rail", ROUNDUP(H10/1200, 0) & " Block Trains", "Pipeline Batch")))) -> 12 Block Trains
A11: =Raw_Flight_Data!A11 -> 45569 | B11: =Raw_Flight_Data!B11 -> FRA | C11: =Raw_Flight_Data!C11 -> 648 | D11: =C11 * VLOOKUP(B11, Logistics_Master!$A$2:$J$4, 5, FALSE) -> 15552 | E11: =D11 * VLOOKUP(B11, Logistics_Master!$A$2:$J$4, 6, FALSE) -> 62208 | F11: =IF(A11=MIN(Raw_Flight_Data!$A$2:$A$100), VLOOKUP(B11, Logistics_Master!$A$2:$J$4, 7, FALSE) * 0.8, SUMIFS($I$1:I10, $B$1:B10, B11, $A$1:A10, A11-1)) -> 67192 | G11: =F11 - D11 -> 51640 | H11: =IF(G11 <= E11, VLOOKUP(B11, Logistics_Master!$A$2:$J$4, 7, FALSE) - G11, 0) -> 88360 | I11: =G11 + H11 -> 140000 | J11: =IF(H11=0, "", IF(VLOOKUP(B11, Logistics_Master!$A$2:$J$4, 4, FALSE)="Truck", ROUNDUP(H11/30, 0) & " Trucks", IF(VLOOKUP(B11, Logistics_Master!$A$2:$J$4, 4, FALSE)="Sea Vessel", "Sea Vessel (MR Tanker)", IF(VLOOKUP(B11, Logistics_Master!$A$2:$J$4, 4, FALSE)="Rail", ROUNDUP(H11/1200, 0) & " Block Trains", "Pipeline Batch")))) -> Pipeline Batch
A12: =Raw_Flight_Data!A12 -> 45569 | B12: =Raw_Flight_Data!B12 -> DUB | C12: =Raw_Flight_Data!C12 -> 312 | D12: =C12 * VLOOKUP(B12, Logistics_Master!$A$2:$J$4, 5, FALSE) -> 4992 | E12: =D12 * VLOOKUP(B12, Logistics_Master!$A$2:$J$4, 6, FALSE) -> 24960 | F12: =IF(A12=MIN(Raw_Flight_Data!$A$2:$A$100), VLOOKUP(B12, Logistics_Master!$A$2:$J$4, 7, FALSE) * 0.8, SUMIFS($I$1:I11, $B$1:B11, B12, $A$1:A11, A12-1)) -> 45000 | G12: =F12 - D12 -> 40008 | H12: =IF(G12 <= E12, VLOOKUP(B12, Logistics_Master!$A$2:$J$4, 7, FALSE) - G12, 0) -> 0 | I12: =G12 + H12 -> 40008 | J12: =IF(H12=0, "", IF(VLOOKUP(B12, Logistics_Master!$A$2:$J$4, 4, FALSE)="Truck", ROUNDUP(H12/30, 0) & " Trucks", IF(VLOOKUP(B12, Logistics_Master!$A$2:$J$4, 4, FALSE)="Sea Vessel", "Sea Vessel (MR Tanker)", IF(VLOOKUP(B12, Logistics_Master!$A$2:$J$4, 4, FALSE)="Rail", ROUNDUP(H12/1200, 0) & " Block Trains", "Pipeline Batch"))))
A13: =Raw_Flight_Data!A13 -> 45569 | B13: =Raw_Flight_Data!B13 -> GVA | C13: =Raw_Flight_Data!C13 -> 224 | D13: =C13 * VLOOKUP(B13, Logistics_Master!$A$2:$J$4, 5, FALSE) -> 2800 | E13: =D13 * VLOOKUP(B13, Logistics_Master!$A$2:$J$4, 6, FALSE) -> 16800 | F13: =IF(A13=MIN(Raw_Flight_Data!$A$2:$A$100), VLOOKUP(B13, Logistics_Master!$A$2:$J$4, 7, FALSE) * 0.8, SUMIFS($I$1:I12, $B$1:B12, B13, $A$1:A12, A13-1)) -> 28000 | G13: =F13 - D13 -> 25200 | H13: =IF(G13 <= E13, VLOOKUP(B13, Logistics_Master!$A$2:$J$4, 7, FALSE) - G13, 0) -> 0 | I13: =G13 + H13 -> 25200 | J13: =IF(H13=0, "", IF(VLOOKUP(B13, Logistics_Master!$A$2:$J$4, 4, FALSE)="Truck", ROUNDUP(H13/30, 0) & " Trucks", IF(VLOOKUP(B13, Logistics_Master!$A$2:$J$4, 4, FALSE)="Sea Vessel", "Sea Vessel (MR Tanker)", IF(VLOOKUP(B13, Logistics_Master!$A$2:$J$4, 4, FALSE)="Rail", ROUNDUP(H13/1200, 0) & " Block Trains", "Pipeline Batch"))))
... A91: =Raw_Flight_Data!A91 -> 45595 | B91: =Raw_Flight_Data!B91 -> GVA | C91: =Raw_Flight_Data!C91 -> 206 | D91: =C91 * VLOOKUP(B91, Logistics_Master!$A$2:$J$4, 5, FALSE) -> 2575 | E91: =D91 * VLOOKUP(B91, Logistics_Master!$A$2:$J$4, 6, FALSE) -> 15450 | F91: =IF(A91=MIN(Raw_Flight_Data!$A$2:$A$100), VLOOKUP(B91, Logistics_Master!$A$2:$J$4, 7, FALSE) * 0.8, SUMIFS($I$1:I90, $B$1:B90, B91, $A$1:A90, A91-1)) -> 17825 | G91: =F91 - D91 -> 15250 | H91: =IF(G91 <= E91, VLOOKUP(B91, Logistics_Master!$A$2:$J$4, 7, FALSE) - G91, 0) -> 12750 | I91: =G91 + H91 -> 28000 | J91: =IF(H91=0, "", IF(VLOOKUP(B91, Logistics_Master!$A$2:$J$4, 4, FALSE)="Truck", ROUNDUP(H91/30, 0) & " Trucks", IF(VLOOKUP(B91, Logistics_Master!$A$2:$J$4, 4, FALSE)="Sea Vessel", "Sea Vessel (MR Tanker)", IF(VLOOKUP(B91, Logistics_Master!$A$2:$J$4, 4, FALSE)="Rail", ROUNDUP(H91/1200, 0) & " Block Trains", "Pipeline Batch")))) -> 11 Block Trains

Sheet KPI_Dashboard
A1: Airport | B1: GVA | F1: Hedging_Signal | G1: EXECUTE FORWARD HEDGE
A3: Date | B3: Ending Inventory MT | C3: Safety Stock MT | F3: Date | G3: Brent_USD_bbl | H3: JetFuel_USD_MT
A4: 45566 | B4: 19925 | C4: 14850 | F4: 45581 | G4: 74.22 | H4: 691.25
A5: 45567 | B5: 17400 | C5: 15150 | F5: 45583 | G5: 73.06 | H5: 680.98
A6: 45568 | B6: 28000 | C6: 15750 | F6: 45584 | G6: 73.06 | H6: 680.98
A7: 45569 | B7: 25200 | C7: 16800 | F7: 45585 | G7: 73.06 | H7: 680.98
A8: 45570 | B8: 22887.5 | C8: 13875 | F8: 45593 | G8: 71.42 | H8: 659.65
A9: 45571 | B9: 20200 | C9: 16125 | F9: 45594 | G9: 71.12 | H9: 654.91
A10: 45572 | B10: 17762.5 | C10: 14625 | F10: 45595 | G10: 72.16 | H10: 666.76
A11: 45573 | B11: 15275 | C11: 14925 | F11: Grand Total | G11: 508.1 | H11: 4715.51
A12: 45574 | B12: 28000 | C12: 15225
A13: 45575 | B13: 25350 | C13: 15900
A14: 45576 | B14: 22525 | C14: 16950
A15: 45577 | B15: 20175 | C15: 14100
A16: 45578 | B16: 17450 | C16: 16350
A17: 45579 | B17: 15000 | C17: 14700
A18: 45580 | B18: 28000 | C18: 15000
A19: 45581 | B19: 25450 | C19: 15300
A20: 45582 | B20: 22775 | C20: 16050
A21: 45583 | B21: 19925 | C21: 17100
A22: 45584 | B22: 17550 | C22: 14250
A23: 45585 | B23: 28000 | C23: 16500
... A33: 45595 | B33: 28000 | C33: 15450
A34: Grand Total | B34: 666237.5 | C34: 464700
